work_description,infringing_url
Stranger Things,6566
Jupiter's Legacy,3745
The Witcher,2461
The Crown,2360
"House of Cards: Chapter 1
",1850
Army of the Dead,1482
Sacred Games,1426
"Stranger Things: Chapter One: The Vanishing Of Will Byers
",1403
"Sense8
",1204
"Things Heard & Seen
",1035
"Netflix: Jupiter's Legacy
",951
"Oxygène
",728
Gunjan Saxena,651
The White Tiger,643
Ludo,643
"Black Mirror: Nosedive
",603
"The Mitchells vs. The Machines
",588
"The Woman in the Window
",571
"Netflix: Shadow and Bone
",544
Sardar Ka Grandson,517
"Castlevania: Season 2 Episode 1: War Council
",460
"Netflix: Love, Death & Robots
",451
"La Casa De Papel
",445
"Netflix: Ozark
",428
"Jingle Jangle: A Christmas Journey
",407
"Jupiter's Legacy: Volume 1: ""How It All Ends""
",405
"Netflix: Things Heard & Seen
",405
"Love, Death & Robots: Volume 2: ""All Through the House""
",396
"Jupiter's Legacy: Volume 1: ""Omnes Pro Uno""
",386
"Jupiter's Legacy: Volume 1: ""All the Devils Are Here""
",374
"Jupiter's Legacy: Volume 1: ""By Dawn's Early Light""
",374
Ajeeb Daastaans,362
"Selena: The Series: Part 1: ""Gold Rush""
",358
"Shadow and Bone: Season 1: ""We’re All Someone’s Monster""
",355
"Netflix: Thunder Force
",355
"Jupiter's Legacy: Volume 1: ""Cover Her Face""
",354
"Netflix: Big Mouth
",344
"Jupiter's Legacy: Volume 1: ""Painting the Clouds With Sunshine""
",330
"Jupiter's Legacy: Volume 1: ""Paper and Stone""
",327
"Concrete Cowboy
",325
"Arlo the Alligator Boy
",324
"Netflix: The Irregulars
",318
"Jupiter's Legacy: Volume 1: ""What's the Use?""
",315
"Netflix: Firefly Lane
",308
"Stranger Things
",295
"The Midnight Sky
",278
"Netflix: Arlo the Alligator Boy
",265
Pagglait,264
"The Kissing Booth 2
",261
"Shadow and Bone: Season 1: ""A Searing Burst of Light""
",257
"We Can Be Heroes
",252
"Outside the Wire
",252
FILM - Selena: La serie,251
"Malcolm & Marie
",249
"Netflix: The Witcher
",242
"Netflix: Tribes of Europa
",240
"Shadow and Bone: Season 1: ""The Making at the Heart of the World""
",238
"Netflix: Moxie
",237
Extracurricular,237
"Netflix: Oxygen
",232
"Netflix: Outside the Wire
",231
"The Trial of the Chicago 7
",231
"Netflix: Yes Day
",231
"Netflix: A Week Away
",227
"Shadow and Bone: Season 1: ""No Mourners""
",227
"Pieces of a Woman
",226
"Shadow and Bone: Season 1: ""Otkazat’sya""
",222
"Netflix: Bad Trip
",221
"Thunder Force
",217
"The White Tiger
",216
"Shadow and Bone: Season 1: ""The Heart is an Arrow""
",212
"Shadow and Bone: Season 1: ""Show Me Who You Are""
",212
"Netflix: The Woman in the Window
",211
"The Devil All The Time
",211
"Moxie
",209
"The Sleepover
",209
"The Princess Switch: Switched Again
",208
"Shadow and Bone: Season 1: ""The Unsea""
",206
"Netflix: Bonding
",205
"Project Power
",189
"Netflix: Transformers: War for Cybertron
",187
"The Prom
",184
"Enola Holmes
",179
"What We Wanted
",179
"Netflix: The White Tiger
",176
"The Babysitter: Killer Queen
",173
"Mignonnes
",173
"Da 5 Bloods
",171
"Holidate
",168
"Eurovision Song Contest: The Story of Fire Saga
",165
"Netflix: Army of the Dead
",165
FILM - El inocente - The Innocent,157
The King: Eternal Monarch,156
"MANK
",156
Kingdom,155
"Netflix: To All The Boys: Always And Forever
",151
"Netflix: The Kissing Booth 2
",151
"Ava
",148
"Netflix: Mank
",145
"Netflix: Malcolm & Marie
",142
"The Irregulars: Season 1: ""Chapter Five: Students of the Unhallowed Arts""
",140
"The Irregulars: Season 1: ""Chapter Four: Both the Needle and the Knife""
",138
"Tribes of Europa: Season 1: ""Episode 1""
",136
"The Irregulars: Season 1: ""Chapter One: An Unkindness in London""
",136
"The Irregulars: Season 1: ""Chapter Two: The Ghosts of 221B""
",135
"The Irregulars: Season 1: ""Chapter Three: Ipsissimus""
",134
"Behind Her Eyes: Limited Series: ""Chance Encounters""
",134
"The Irregulars: Season 1: ""Chapter Seven: The Ecstasy of Death""
",133
"Behind Her Eyes: Limited Series: ""Behind Her Eyes""
",131
"Army of the Dead
",130
"The Irregulars: Season 1: ""Chapter Six: Hieracium Snowdoniense""
",130
"The Old Guard
",129
"Behind Her Eyes: Limited Series: ""Rob""
",129
"Netflix: Rebecca
",128
"Netflix: The Princess Switch: Switched Again
",127
Bombay Begums,127
"Netflix: Ava
",123
"A Babysitter's Guide to Monster Hunting
",122
"Over the Moon
",121
"Tribes of Europa: Season 1: ""Episode 6""
",120
"Bridgerton: Season 1: ""Art of the Swoon""
",120
"Behind Her Eyes: Limited Series: ""The First Door""
",117
"Tribes of Europa: Season 1: ""Episode 5""
",116
"Behind Her Eyes: Limited Series: ""Lucid Dreaming""
",115
"Ma Rainey's Black Bottom
",115
"Operation Christmas Drop
",113
"Tribes of Europa: Season 1: ""Episode 2""
",112
FILM - Sky Rojo,111
"Tribes of Europa: Season 1: ""Episode 4""
",111
"Behind Her Eyes: Limited Series: ""The Second Door""
",111
"Bridgerton: Season 1: ""The Duke and I""
",110
"Bridgerton: Season 1: ""Diamond of the First Water""
",110
"Tribes of Europa: Season 1: ""Episode 3""
",108
"To All The Boys: Always And Forever
",108
"The Irregulars: Season 1: ""Chapter Eight: The Ecstasy of Life""
",108
"Netflix: A Babysitter's Guide to Monster Hunting
",107
"Netflix: The Midnight Sky
",107
"Hillbilly Elegy
",106
"Netflix: The Devil All the Time
",106
Pitta Kathalu,104
"Netflix: 6 Underground
",103
"Bridgerton: Season 1: ""Oceans Apart""
",103
"Bridgerton: Season 1: ""Shock and Delight""
",101
"Bridgerton: Season 1: ""Swish""
",98
"Netflix: The Last Days of American Crime
",98
"Klaus
",95
"Dangerous Lies
",94
"The Crown: Wolferton Splash
",91
"Netflix: Cursed
",90
"Bridgerton: Season 1: ""After the Rain""
",90
"Netflix: Fatal Affair
",89
"Money Heist: Season 4 Episode 1: Game Over
",81
"Bridgerton: Season 1: ""An Affair of Honor""
",81
": Chapter Two: The Weirdo on Maple Street
",80
"YES DAY
",76
"Firefly Lane: Season 1: ""Auld Lang Syne""
",74
": Chapter Five: The Flea and the Acrobat
",73
FILM - Élite,71
"Bad Trip
",71
"Narcos: Mexico: Season 2 Episode 6: El Dedazo
",68
"Love, Death & Robots: Volume 2: ""Automated Customer Service""
",67
"Paranormal: Season 1: ""The Myth of the Curse of the Pharaoh""
",67
"Netflix: We Can Be Heroes
",66
FILM - La Casa de Papel,66
"Money Heist: Season 4 Episode 7: Strike the Tent
",65
"Narcos: Mexico: Season 2 Episode 5: AFO
",64
"Dark: Season 3 Episode 1: Deja-vu
",61
"Netflix: Over the Moon
",60
": Chapter Six: The Monster
",60
"Firefly Lane: Season 1: ""Mawaige""
",58
"Firefly Lane: Season 1: ""Oh! Sweet Something""
",58
"Love, Death & Robots: Volume 2: ""Pop Squad""
",58
"Firefly Lane: Season 1: ""Love is a Battlefield""
",57
"Firefly Lane: Season 1: ""Dancing Queens""
",57
"A Week Away
",57
FILM - Bajocero,56
"Stranger Things: Chapter Eight: The Upside Down
",56
"Firefly Lane: Season 1: ""Total Eclipse of the Hart""
",55
"Firefly Lane: Season 1: ""Hello Yellow Brick Road""
",55
"Firefly Lane: Season 1: ""You Say It’s Your Birthday?!""
",55
"Selena: The Series: Part 1: ""Dame un Beso""
",54
"Firefly Lane: Season 1: ""Sweet Child O’ Mine""
",54
"Firefly Lane: Season 1: ""Dirty Laundry""
",54
Tribhanga - Tedhi Medhi Crazy,54
"Money Heist: Season 4 Episode 5: 5 Minutes Earlier
",54
"Money Heist: Season 4 Episode 3: Anatomy Lesson
",53
FILM - Más loco que una cabra - Cabras da Peste,53
"Netflix: Hubie Halloween
",52
"Money Heist: Season 4 Episode 2: Berlin's Wedding
",52
": Chapter Four: The Body
",52
"Love, Death & Robots: Volume 2: ""Ice""
",51
"Teenage Bounty Hunters: Season 1 Episode 5: Death Is Bad
",50
"Teenage Bounty Hunters: Season 1 Episode 1: Daddy's Truck
",49
Kingdom Season 2,49
"Money Heist: Season 4 Episode 6: TKO
",49
"Love, Death & Robots: Volume 2: ""Snow in the Desert""
",49
": Chapter Three: Holly, Jolly
",47
"The Haunting of Bly Manor: ""Episode 8""
",46
"The Haunting of Bly Manor: ""The Two Faces, Part Two""
",45
"Love, Death & Robots: Volume 2: ""The Drowned Giant""
",44
"The Rain: Season 3 Episode 2: Never Let Go
",44
"The Rain: Season 3 Episode 4: Be the Change You Want in the World
",43
"Selena: The Series: Part 1: ""Dulce Amor""
",42
": Chapter Seven: The Bathtub
",41
"The Rain: Season 3 Episode 6: And This Too Shall Pass
",41
"Teenage Bounty Hunters: Season 1 Episode 10: Something Sour Patch
",40
"Narcos: Mexico: Season 2 Episode 9: Growth, Prosperity, and Liberation
",40
"Teenage Bounty Hunters: Season 1 Episode 6: Master Debater
",40
"Godzilla Singular Point: Season 1: ""Episode 2""
",40
"The Haunting of Bly Manor: ""The Way It Came""
",39
"The Rain: Season 3 Episode 5: Love Yourself
",39
FILM - Stranger Things,38
"The Haunting of Bly Manor: ""The Jolly Corner""
",38
"The Rain: Season 3 Episode 3: Stay Strong
",38
FILM - El baile de los *41 - Dance of the Forty One,37
"The Haunting of Bly Manor: ""The Pupil""
",36
"FILM - Odio, de Dani Rovira - Hate by Dani Rovira",36
"Love, Death & Robots: Volume 2: ""The Tall Grass""
",36
"Love, Death & Robots: Volume 2: ""Life Hutch""
",36
"The Rain: Season 3 Episode 1: Don't Give Up
",36
"Money Heist: Season 4 Episode 8: The Paris Plan
",36
"50M2: Season 1: ""Episode 3""
",36
"50M2: Season 1: ""Episode 5""
",35
"50M2: Season 1: ""Episode 8""
",35
"50M2: Season 1: ""Episode 1""
",34
"50M2: Season 1: ""Episode 7""
",34
"Dark: Season 3 Episode 6: Light and Shadow
",34
"Dark: Season 3 Episode 8: The Paradise
",33
"The Witcher: Season 1 Episode 8: Much More
",33
"Teenage Bounty Hunters: Season 1 Episode 4: Basically Pluto
",32
FILM - The Witcher,32
"Dark: Season 3 Episode 7: Between the Time
",32
"Castlevania: Season 3 Episode 10: Abandon All Hope
",32
"The Haunting of Bly Manor: ""The Great Good Place""
",31
"50M2: Season 1: ""Episode 4""
",31
"Disenchantment: Part 3: ""Freak Out!""
",31
"Selena: The Series: Part 1: ""My Love""
",31
"50M2: Season 1: ""Episode 2""
",31
"Uncut Gems
",30
"Stranger Things: Season 2 Episode 3: Chapter Three: The Pollywog
",30
"Stranger Things: Season 2 Episode 5: Chapter Five: Dig Dug
",30
"Selena: The Series: Part 1: ""Daydream""
",30
"Designated Survivor: Season 3 Episode 1: #thesystemisbroken
",30
"The Haunting of Bly Manor: ""The Two Faces, Part One""
",30
"Teenage Bounty Hunters: Season 1 Episode 7: Cleave or Whatever
",29
"The Haunting of Bly Manor: ""The Altar of the Dead""
",29
"Disenchantment: Part 3: ""Subterranean Homesick Blues""
",29
"Narcos: Mexico: Season 2 Episode 1: Salva El Tigre
",29
"Disenchantment: Part 3: ""Steamland Confidential""
",29
"Disenchantment: Part 3: ""Last Splash""
",29
"Ozark: Season 3 Episode 1: Wartime
",29
"Stranger Things: Season 2 Episode 7: Chapter Seven: The Lost Sister
",29
"Lost in Space: Season 1 Episode 4: The Robinsons Were Here
",29
"Selena: The Series: Part 1: ""And the Winner is...""
",29
"Teenage Bounty Hunters: Season 1 Episode 9: Our Ham Is Good
",29
"Disenchantment: Part 3: ""Beanie Get Your Gun""
",28
"Disenchantment: Part 3: ""Bean Falls Down""
",28
"Teenage Bounty Hunters: Season 1 Episode 2: What's a Jennings
",28
"Disenchantment: Part 3: ""You're the Bean""
",28
"Selena: The Series: Part 1: ""Opening Act""
",28
"Stranger Things: Season 2 Episode 6: Chapter Six: The Spy
",28
"A Series of Unfortunate Events: Season 3 Episode 5: Penultimate Peril: Part 1
",28
"Selena: The Series: Part 1: ""Qué Creías""
",28
"Lost in Space: Season 2 Episode 6: Severed
",27
"Selena: The Series: Part 1: ""Fideo""
",27
"The Witcher: Season 1 Episode 5: Bottled Appetites
",27
"The Rational Life / 理智派生活
",27
"A Series of Unfortunate Events: Season 3 Episode 7: The End
",27
"A Series of Unfortunate Events: Season 3 Episode 6: Penultimate Peril: Part 2
",27
"Disenchantment: Part 3: ""The Madness of King Zøg""
",27
"Teenage Bounty Hunters: Season 1 Episode 3: This Must Be How Dumb Kids Feel
",27
"Teenage Bounty Hunters: Season 1 Episode 8: From Basic to Telenovela
",27
"The Haunting of Bly Manor: ""The Beast in the Jungle""
",27
FILM - Black Beach,26
"Stranger Things: Season 2 Episode 1: Chapter One: MADMAX
",26
"Stranger Things: Season 2 Episode 8: Chapter Eight: The Mind Flayer
",26
"Hubie Halloween
",26
"Stranger Things: Season 2 Episode 4: Chapter Four: Will the Wise
",25
"Narcos: Mexico: Season 2 Episode 4: The Big Dig
",25
"Hollywood: Season 1 Episode 3: Outlaws
",25
"Disenchantment: Part 3: ""Bad Moon Rising""
",25
"A Series of Unfortunate Events: Season 3 Episode 2: Slippery Slope: Part 2
",25
"A Series of Unfortunate Events: Season 3 Episode 4: Grim Grotto: Part 2
",25
"Disenchantment: Part 3: ""Hey, Pig Spender""
",25
"Altered Carbon: Season 2 Episode 1: Phantom Lady
",24
Who Killed Sara?,24
"Lost in Space: Season 2 Episode 7: Evolution
",24
"EMILY IN PARIS: Season 1: ""Family Affair""
",23
"A Series of Unfortunate Events: Season 3 Episode 3: Grim Grotto: Part 1
",23
"Dark: Season 3 Episode 3: Adam and Eva
",23
"Lost in Space: Season 2 Episode 4: Scarecrow
",23
"Dark: Season 3 Episode 5: Life and Death
",23
"Stranger Things: Season 2 Episode 9: Chapter Nine: The Gate
",23
FILM - El baile de los 41,22
"Lost in Space: Season 1 Episode 1: Impact
",22
"Lost in Space: Season 2 Episode 2: Precipice
",22
"Godzilla Singular Point: Season 1: ""Episode 7""
",22
"Hollywood: Season 1 Episode 6: Meg
",22
FILM - Um Pai no Meio do Caminho,22
"White Lines: Season 1 Episode 2: Episode 2
",22
"Hollywood: Season 1 Episode 1: Hooray for Hollywood
",22
FILM - Salir del ropero,22
"Ozark: Season 3 Episode 3: Kevin Cronin Was Here
",22
"The Gift: Season 1 Episode 1: Episode 1
",22
"Raising Dion: Season 1 Episode 4: ISSUE #104: Welcome to BIONA. Hope You Survive the Experience
",22
"Ozark: Season 3 Episode 4: Boss Fight
",21
"The Witcher: Season 1 Episode 3: Betrayer Moon
",21
"Abla Fahita: Drama Queen: Season 1: ""Work Kebab""
",21
"Bright
",21
"Raising Dion: Season 1 Episode 8: ISSUE #108: You Won't Like Him When He's Angry
",21
"White Lines: Season 1 Episode 1: Episode 1
",21
A Thousand Goodnights,21
"Ozark: Season 3 Episode 7: In Case of Emergency
",21
"Narcos: Mexico: Season 2 Episode 7: Truth and Reconciliation
",20
"White Lines: Season 1 Episode 4: Episode 4
",20
"Raising Dion: Season 1 Episode 2: ISSUE #102: Fortress of Solitude
",20
"Kingdom: Season 2 Episode 1: Episode 1
",20
"The Gift: Season 1 Episode 8: Episode 8
",20
"EMILY IN PARIS: Season 1: ""Sexy or Sexist""
",20
"Narcos: Mexico: Season 2 Episode 8: Se Cayó El Sistema
",20
"Hollywood: Season 1 Episode 5: Jump
",20
"One Day at a Time: Season 3 Episode 7: The First Time
",20
"Dark: Season 3 Episode 2: The Survivors
",19
"The Witcher: Season 1 Episode 4: Of Banquets, Bastards and Burials
",19
"Raising Dion: Season 1 Episode 3: ISSUE #103: Watch Man
",19
"Raising Dion: Season 1 Episode 7: ISSUE #107: Why So Vomity?
",19
"Paranormal: Season 1: ""The Myth of the House""
",19
FILM - Hasta el cielo - Sky High,19
"Hollywood: Season 1 Episode 7: A Hollywood Ending
",19
"White Lines: Season 1 Episode 5: Episode 5
",19
"White Lines: Season 1 Episode 6: Episode 6
",19
"Rebecca
",19
"Ozark: Season 3 Episode 6: Su Casa Es Mi Casa
",19
"Raising Dion: Season 1 Episode 6: ISSUE #106: Super Friends
",19
"EMILY IN PARIS: Season 1: ""Masculin Féminin""
",19
"A Series of Unfortunate Events: Season 3 Episode 1: Slippery Slope: Part 1
",18
"White Lines: Season 1 Episode 10: Episode 10
",18
"Raising Dion: Season 1 Episode 1: ISSUE #101: How Do You Raise a Superhero?
",18
"Kingdom: Season 2 Episode 2: Episode 2
",18
"Ozark: Season 3 Episode 10: All In
",18
"Netflix: There's Someone Inside Your House
",18
"White Lines: Season 1 Episode 3: Episode 3
",18
"The Witcher: Season 1 Episode 1: The End’s Beginning
",18
"White Lines: Season 1 Episode 7: Episode 7
",18
"Disenchantment: Season 1 Episode 2: For Whom the Pig Oinks
",18
"The Gift: Season 1 Episode 6: Episode 6
",18
"White Lines: Season 1 Episode 9: Episode 9
",18
"The Witcher: Season 1 Episode 6: Rare Species
",17
"Paranormal: Season 1: ""The Myth of the Naiad""
",17
"The Gift: Season 1 Episode 5: Episode 5
",17
"The Gift: Season 1 Episode 2: Episode 2
",17
"The Gift: Season 1 Episode 4: Episode 4
",17
"White Lines: Season 1 Episode 8: Episode 8
",17
"Altered Carbon: Season 2 Episode 6: Bury Me Dead
",17
"Disenchantment: Season 1 Episode 3: The Princess of Darkness
",17
"Ozark: Season 3 Episode 2: Civil Union
",17
"EMILY IN PARIS: Season 1: ""Cancel Couture""
",17
"Raising Dion: Season 1 Episode 9: ISSUE #109: Storm Killer
",17
"Raising Dion: Season 1 Episode 5: ISSUE #105: Days of Mark's Future Past
",17
"Paranormal: Season 1: ""The Myth of the Incubus""
",17
"Ozark: Season 3 Episode 9: Fire Pink
",17
"Kingdom: Season 2 Episode 3: Episode 3
",17
"Elite: Season 3 Episode 2: Samuel and Guzmán
",17
"EMILY IN PARIS: Season 1: ""Emily in Paris""
",17
"Kingdom: Season 2 Episode 6: Episode 6
",16
"EMILY IN PARIS: Season 1: ""French Ending""
",16
"EMILY IN PARIS: Season 1: ""Faux Amis""
",16
"Ozark: Season 3 Episode 8: BFF
",16
"Paranormal: Season 1: ""The Myth of the Guardian of The Cave""
",16
"13 Reasons Why: Season 1 Episode 2: Tape 1, Side B
",16
Luis Miguel - The Series,16
MOVIE - El inocente - The Innocent,16
"The Christmas Chronicles: Part Two
",16
"Disenchantment: Season 1 Episode 10: Dreamland Falls
",16
"Big Mouth: Season 4: ""The New Me""
",16
"The Crown: Season 4: ""Gold Stick""
",16
"Elite: Season 3 Episode 1: Carla
",16
"EMILY IN PARIS: Season 1: ""An American Auction in Paris""
",16
"Lost in Space: Season 2 Episode 5: Run
",16
"Have You Ever Seen Fireflies?
",16
"Altered Carbon: Season 2 Episode 7: Experiment Perilous
",16
"The Witcher: Season 1 Episode 7: Before a Fall
",15
"The Witcher: Season 1 Episode 2: Four Marks
",15
"EMILY IN PARIS: Season 1: ""Ringarde""
",15
"Stranger Things: Season 2 Episode 2: Chapter Two: Trick or Treat, Freak
",15
"Paranormal: Season 1: ""The Myth of the House: The Return""
",15
"GLOW: Season 1 Episode 1: Pilot
",15
The Way of the Househusband,15
"Netflix: The Babysitter: Killer Queen
",15
"Disenchantment: Season 1 Episode 7: Love's Tender Rampage
",15
"Disenchantment: Season 1 Episode 1: A Princess, an Elf, and a Demon Walk Into a Bar
",15
"Lost in Space: Season 2 Episode 1: Shipwrecked
",15
"Lost in Space: Season 2 Episode 10: Ninety-Seven
",15
"Dark: Season 3 Episode 4: The Origin
",15
"Sex Education: Season 2 Episode 8: Episode 8
",15
"Altered Carbon: Season 2 Episode 3: Nightmare Alley
",14
"Altered Carbon: Season 2 Episode 5: I Wake Up Screaming
",14
"Lost in Space: Season 1 Episode 9: Resurrection
",14
"Kingdom: Season 2 Episode 4: Episode 4
",14
"The Crown: Season 4: ""Fagan""
",14
"Castlevania: Season 3 Episode 7: Worse Things Than Betrayal
",14
"Castlevania: Season 2 Episode 7: For Love
",14
"Ozark: Season 3 Episode 5: It Came From Michoacán
",14
"Disenchantment: Season 1 Episode 8: The Limits of Immortality
",14
"Castlevania: Season 3 Episode 8: What the Night Brings
",14
"EMILY IN PARIS: Season 1: ""A Kiss Is Just A Kiss""
",14
"House of Cards: Chapter 14
",14
"13 Reasons Why: Season 1 Episode 3: Tape 2, Side A
",14
"Hollywood: Season 1 Episode 2: Hooray for Hollywood: Part 2
",14
"Disenchantment: Season 1 Episode 9: To Thine Own Elf Be True
",14
"Disenchantment: Season 1 Episode 5: Faster, Princess! Kill! Kill!
",14
"Castlevania: Season 2 Episode 4: Broken Mast
",13
"Castlevania: Season 3 Episode 3: Investigators
",13
Girl from Nowhere,13
"Elite: Season 3 Episode 6: Rebeca
",13
"Elite: Season 3 Episode 5: Ander
",13
"Lost in Space: Season 1 Episode 5: Transmission
",13
"Netflix: Spenser Confidential
",13
"Lost in Space: Season 1 Episode 2: Diamonds In The Sky
",13
"Castlevania: Season 2 Episode 8: End Times
",13
"Castlevania: Season 2 Episode 3: Shadow Battles
",13
"Castlevania: Season 2 Episode 6: The River
",13
"Cursed: Season 1 Episode 1: Nimue
",13
"The Crown: Season 3 Episode 5: Coup
",13
"Castlevania: Season 3 Episode 9: The Harvest
",13
"Castlevania: Season 3 Episode 6: The Good Dream
",13
"The Crown: Season 4: ""Terra Nullius""
",13
"Castlevania: Season 2 Episode 2: Old Homes
",13
"The Crown: Season 4: ""The Balmoral Test""
",13
"Castlevania: Season 3 Episode 2: The Reparation of My Heart
",13
"Castlevania: Season 3 Episode 1: Bless Your Dead Little Hearts
",12
"Altered Carbon: Season 2 Episode 2: Payment Deferred
",12
"Castlevania: Season 3 Episode 4: I Have a Scheme
",12
"Castlevania: Season 2 Episode 5: Last Spell
",12
"Altered Carbon: Season 2 Episode 8: Broken Angels
",12
"Elite: Season 3 Episode 4: Lu
",12
"Lost in Space: Season 2 Episode 9: Shell Game
",12
"Lost in Space: Season 1 Episode 10: Danger, Will Robinson
",12
Haunted: Latinoamérica,12
"Lost in Space: Season 1 Episode 6: Eulogy
",12
"Disenchantment: Season 1 Episode 6: Swamp and Circumstance
",12
"Godzilla Singular Point: Season 1: ""Episode 6""
",12
"Lost in Space: Season 1 Episode 7: Pressurized
",12
"Disenchantment: Season 1 Episode 4: Castle Party Massacre
",12
"Netflix: Stranger Things
",12
"Castlevania: Season 3 Episode 5: A Seat of Civilisation and Refinement
",12
"The Crown: Season 3 Episode 6: Tywysog Cymru
",12
"Disenchantment: Season 2 Episode 8: In Her Own Write
",11
"Disenchantment: Season 2 Episode 2: Stairway to Hell
",11
"House of Cards: Chapter 33
",11
"Cursed: Season 1 Episode 6: Festa and Moreii
",11
"The Crown: Season 3 Episode 9: Imbroglio
",11
Space Sweepers,11
"Netflix: Enola Holmes
",11
MOVIE - Más loco que una cabra - Cabras da Peste,11
"Netflix: La casa de papel
",11
"The Crown: Season 4: ""Favourites""
",11
"Black Mirror: Hated in the Nation
",11
Netflix: Бриджертоны (Bridgerton),11
"Godzilla Singular Point: Season 1: ""Episode 5""
",11
"13 Reasons Why: Season 1 Episode 1: Tape 1, Side A
",11
"Lost in Space: Season 1 Episode 3: Infestation
",11
"Kingdom: Season 2 Episode 5: Episode 5
",10
Invisible City,10
"Lost in Space: Season 1 Episode 8: Trajectory
",10
"Netflix: Sex Education
",10
"Disenchantment: Season 2 Episode 6: The Dreamland Job
",10
"Big Mouth: Season 4: ""The Funeral""
",10
"Netflix: Warrior Nun
",10
"Disenchantment: Season 2 Episode 10: Tiabeanie Falls
",10
"Designated Survivor: Season 3 Episode 7: #identity/crisis
",10
"Netflix: The Wrong Missy
",10
"Disenchantment: Season 2 Episode 4: The Lonely Heart Is a Hunter
",10
"Elite: Season 3 Episode 7: Nadia and Omar
",10
"13 Reasons Why: Season 2 Episode 3: The Drunk Slut
",10
"Altered Carbon: Season 2 Episode 4: Shadow of a Doubt
",10
"Godzilla Singular Point: Season 1: ""Episode 8""
",10
"The Crown: Act of God
",10
"The Crown: Scientia Potentia Est
",10
Sky Rojo,10
"Lost in Space: Season 2 Episode 8: Unknown
",10
"Godzilla Singular Point: Season 1: ""Episode 4""
",9
"Elite: Season 3 Episode 8: Polo
",9
"Elite: Season 3 Episode 3: Cayetana and Valerio
",9
"Sex Education: Season 2 Episode 1: Episode 1
",9
"Cursed: Season 1 Episode 2: Cursed
",9
"Designated Survivor: Season 3 Episode 2: #slipperyslope
",9
"The Crown: Gelignite
",9
"The Crown: Season 3 Episode 4: Bubbikins
",9
"Narcos: Season 3 Episode 2: The Cali KGB
",9
"The Gift: Season 1 Episode 3: Episode 3
",9
"Lost in Space: Season 2 Episode 3: Echoes
",9
"Black Mirror: Men Against Fire
",9
"Transformers: War For Cybertron Trilogy: Season 1 Episode 2: Episode 2
",9
"Disenchantment: Season 2 Episode 9: The Electric Princess
",9
"The Crown: Windsor
",9
"Disenchantment: Season 2 Episode 1: The Disenchantress
",9
"The Crown: Season 4: ""Fairytale""
",9
"Sex Education: Season 2 Episode 7: Episode 7
",9
"Disenchantment: Season 2 Episode 5: Our Bodies, Our Elves
",9
"Big Mouth: Season 4: ""What Are You Gonna Do?""
",8
"Narcos: Mexico: Season 2 Episode 2: Alea lacta Est
",8
"The Lovebirds
",8
"All My Friends Are Dead
",8
"Narcos: Season 3 Episode 1: The Kingpin Strategy
",8
"The Crown: Season 3 Episode 7: Moondust
",8
"Netflix: Teenage Bounty Hunters
",8
Netflix: Академия «Амбрелла» (The Umbrella Academy),8
"One Day at a Time: Season 3 Episode 2: Outside
",8
"One Day at a Time: Season 3 Episode 1: The Funeral
",8
"Godzilla Singular Point: Season 1: ""Episode 3""
",8
"The Crown: Season 3 Episode 1: Olding
",8
"Black Mirror: Playtest
",8
"Designated Survivor: Season 3 Episode 10: #truthorconsequences
",8
"Sex Education: Season 2 Episode 4: Episode 4
",8
"Cursed: Season 1 Episode 5: The Joining
",8
"Designated Survivor: Season 3 Episode 3: #privateparts
",8
"DNA
",8
"The Crown: Gloriana
",8
"Narcos: Mexico: Season 2 Episode 10: Free Trade
",7
"13 Reasons Why: Season 2 Episode 10: Smile, Bitches
",7
"Big Mouth: Season 4: ""Four Stories About Hand Stuff""
",7
"13 Reasons Why: Season 2 Episode 13: Bye
",7
Alter Me,7
"Big Mouth: Season 4: ""Horrority House""
",7
"Kingdom Season 1, 2019",7
"Narcos: Season 3 Episode 10: Going Back to Cali
",7
"The Crown: Hyde Park Corner
",7
"The Crown: Pride & Joy
",7
"Narcos: Season 3 Episode 7: Sin Salida
",7
"Black Mirror: Shut Up and Dance
",7
"The Crown: Season 3 Episode 8: Dangling Man
",7
"The Crown: Season 4: ""48:1""
",7
"Sex Education: Season 2 Episode 3: Episode 3
",7
"The Crown: Season 3 Episode 3: Aberfan
",7
"Sex Education: Season 2 Episode 5: Episode 5
",7
"Godzilla Singular Point: Season 1: ""Episode 9""
",7
": Season 1 Episode 10: Tape 5, Side B
",7
"Big Mouth: Season 4: ""The Hugest Period Ever""
",7
"A Thousand Goodnights(一千個晚安, 一千个晚安), 2019",7
"Transformers: War For Cybertron Trilogy: Season 1 Episode 1: Episode 1
",7
"13 Reasons Why: Season 2 Episode 8: The Little Girl
",6
"Transformers: War For Cybertron Trilogy: Season 1 Episode 4: Episode 4
",6
FILM - Fuego negro-Dark Forces,6
"Designated Survivor: Season 3 Episode 6: #whocares
",6
"13 Reasons Why: Season 2 Episode 5: The Chalk Machine
",6
"Cursed: Season 1 Episode 8: The Fey Queen
",6
"Cursed: Season 1 Episode 10: The Sacrifice
",6
"The Crown: Season 3 Episode 2: Margaretology
",6
"The Crown: Assassins
",6
"Designated Survivor: Season 3 Episode 8: #scaredsh*tless
",6
"The Crown: Season 4: ""War""
",6
"Narcos: Season 3 Episode 3: Follow the Money
",6
"Narcos: Season 3 Episode 4: Checkmate
",6
"Netflix: Extraction
",6
"Big Mouth: Season 4: ""Poop Madness""
",6
"Big Mouth: Season 4: ""Cafeteria Girls""
",6
"Cursed: Season 1 Episode 3: Alone
",6
"Cursed: Season 1 Episode 9: Poisons
",6
"The Crown: Season 4: ""Avalanche""
",6
"Cursed: Season 1 Episode 4: The Red Lake
",6
"Cursed: Season 1 Episode 7: Bring Us In Good Ale
",6
"Narcos: Mexico: Season 2 Episode 3: Ruben Zuno Arce
",6
"Black Mirror: San Junipero
",5
"Narcos: Season 3 Episode 9: Todos Los Hombres del Presidente
",5
"Netflix: A Fall from Grace
",5
"The Order: Season 2 Episode 9: New World Order, Part 1
",5
"The Order: Season 2 Episode 7: Spring Outbreak, Part 1
",5
"The Order: Season 2 Episode 8: Spring Outbreak, Part 2
",5
"One Day at a Time: Season 3 Episode 3: Benefit with Friends
",5
"One Day at a Time: Season 3 Episode 11: A Penny and a Nicole
",5
"Designated Survivor: Season 3 Episode 5: #nothingpersonal
",5
"One Day at a Time: Season 3 Episode 12: Drinking and Driving
",5
"Designated Survivor: Season 3 Episode 4: #makehistory
",5
"Extracurricular, 2020",5
"The Order: Season 2 Episode 6: The Commons, Part 2
",5
"13 Reasons Why: Season 2 Episode 6: The Smile at the End of the Dock
",5
"13 Reasons Why: Season 4 Episode 5: House Party
",5
"13 Reasons Why: Season 2 Episode 9: The Missing Page
",5
"13 Reasons Why: Season 4 Episode 6: Thursday
",5
Thunder Force,5
"Transformers: War For Cybertron Trilogy: Season 1 Episode 6: Episode 6
",5
"Transformers: War For Cybertron Trilogy: Season 1 Episode 5: Episode 5
",5
MOVIE - Selena: La serie,5
"Big Mouth: Season 4: ""Nick Starr""
",5
"Sex Education: Season 2 Episode 2: Episode 2
",5
"The Crown: Season 4: ""The Hereditary Principle""
",5
"Designated Survivor: Season 3 Episode 9: #undecided
",5
"Disenchantment: Season 2 Episode 3: The Very Thing
",5
"The Crown: Season 2 Episode 7: Matrimonium
",5
"Sex Education: Season 2 Episode 6: Episode 6
",5
"The Order: Season 2 Episode 10: New World Order, Part 2
",5
Arthdal Chronicles,5
"Netflix: On My Block
",4
"The Crown: Season 2 Episode 2: A Company of Men
",4
": Season 0 Episode 0: 공간 창출; 한치 앞도 보이지 않아!
",4
": Season 1 Episode 12: Tape 6, Side B
",4
"Transformers: War For Cybertron Trilogy: Season 1 Episode 3: Episode 3
",4
"Netflix: The Lovebirds
",4
"Hollywood: Season 1 Episode 4: (Screen) Tests
",4
FILM - Sin hijos - One Small Problem,4
"One Day at a Time: Season 3 Episode 4: Hermanos
",4
"Money Heist: Season 4 Episode 4: Pasodoble
",4
"13 Reasons Why: Season 2 Episode 4: The Second Polaroid
",4
The Mitchells vs. The Machines,4
"The Order: Season 2 Episode 1: Free Radicals, Part 1
",4
"The Order: Season 2 Episode 2: Free Radicals, Part 2
",4
"Netflix: 13 Reasons Why
",4
"Netflix: Disenchantment
",4
"Netflix: Bird Box
",4
"13 Reasons Why: Season 2 Episode 2: Two Girls Kissing
",4
"The Crown: Season 2 Episode 6: Vergangenheit
",4
"Godzilla Singular Point: Season 1: ""Episode 1""
",4
"Netflix: Altered Carbon
",4
"Narcos: Season 3 Episode 5: MRO
",4
"The Order: Season 2 Episode 3: Fear Itself, Part 1
",4
"The Order: Season 2 Episode 4: Fear Itself, Part 2
",4
"The Order: Season 2 Episode 5: The Commons, Part 1
",4
"13 Reasons Why: Season 4 Episode 4: Senior Camping Trip
",4
"13 Reasons Why: Season 4 Episode 1: Winter Break
",4
"13 Reasons Why: Season 4 Episode 2: College Tour
",4
"13 Reasons Why: Season 4 Episode 8: Acceptance/Rejection
",4
"13 Reasons Why: Season 4 Episode 7: College Interview
",4
"One Day at a Time: Season 3 Episode 5: Nip It in the Bud
",4
Rookie Historian Goo Hae-ryung Season 1,4
"Disenchantment: Season 2 Episode 7: Love's Slimy Embrace
",4
"Netflix: The Old Guard
",4
"13 Reasons Why: Season 2 Episode 7: The Third Polaroid
",4
"13 Reasons Why: Season 4 Episode 9: Prom
",3
": Season 1 Episode 6: Tape 3, Side B
",3
": Season 1 Episode 4: Tape 2, Side B
",3
MOVIE - El baile de los *41 - Dance of the Forty One,3
"Netflix: Hold the Dark
",3
"MOVIE - Odio, de Dani Rovira - Hate by Dani Rovira",3
": Season 1 Episode 7: Tape 4, Side A
",3
"13 Reasons Why: Season 4 Episode 10: Graduation
",3
"Netflix: The Ranch
",3
"Netflix: Someone Great
",3
"Netflix: The Last Summer
",3
"GLOW: Season 2 Episode 2: Candy of the Year
",3
Finding Agnes,3
"House of Cards: Chapter 11
",3
"House of Cards: Chapter 13
",3
"One Day at a Time: Season 3 Episode 13: Ghosts
",3
"Narcos: Season 3 Episode 8: Convivir
",3
"The Crown: Smoke and Mirrors
",3
"Narcos: Season 3 Episode 6: Best Laid Plans
",3
"House of Cards: Chapter 23
",3
"Netflix: Project Power
",3
"The Crown: Season 2 Episode 10: Mystery Man
",3
"Netflix: Coffee & Kareem
",3
"Godzilla Singular Point: Season 1: ""Episode 2""",3
"Netflix: Think Like a Dog
",3
"Netflix: Dark
",2
"House of Cards: Season 5 Episode 8: Chapter 60
",2
"13 Reasons Why
",2
"Netflix: Da 5 Bloods
",2
"Netflix: Dead to Me
",2
"Netflix: Love Wedding Repeat
",2
"The Crown: Season 2 Episode 4: Beryl
",2
"The Crown: Season 2 Episode 3: Lisbon
",2
"The Crown: Season 2 Episode 5: Marionettes
",2
"House of Cards: Chapter 40
",2
"House of Cards: Chapter 38
",2
"House of Cards: Chapter 3
",2
"House of Cards: Chapter 22
",2
"Netflix: Kingdom
",2
"Netflix: Apostle
",2
"Netflix: A Little Help with Carol Burnett
",2
"Netflix: Hollywood
",2
"Netflix: Game Over, Man!
",2
"Netflix: Car Masters: Rust to Riches
",2
"The Crown: Season 3 Episode 10: Cri de Coeur
",2
"GLOW: Season 2 Episode 6: Work the Leg
",2
"GLOW: Season 2 Episode 7: Nothing Shattered
",2
"GLOW: Season 2 Episode 10: Every Potato Has a Receipt
",2
"House of Cards: Chapter 10
",2
"One Day at a Time: Season 3 Episode 10: The Man
",2
"House of Cards: Chapter 46
",2
"One Day at a Time: Season 3 Episode 9: Anxiety
",2
"One Day at a Time: Season 3 Episode 8: She Drives Me Crazy
",2
"One Day at a Time: Season 3 Episode 6: One Valentine's Day at a Time
",2
": Season 1 Episode 11: Tape 6, Side A
",2
": Season 1 Episode 5: Tape 3, Side A
",2
": Season 1 Episode 9: Tape 5, Side A
",2
": Season 1 Episode 13: Tape 7, Side A
",2
"House of Cards: Chapter 12
",2
"GLOW: Season 2 Episode 4: Mother of All Matches
",2
"GLOW: Season 2 Episode 3: Concerned Women of America
",2
"House of Cards: Chapter 5
",2
Pokémon the Movie: Mewtwo Strikes Back: Evolution,2
"Netflix: The Legacy of a Whitetail Deer Hunter
",2
"Netflix: The Land of Steady Habits
",2
"Netflix: Selection Day
",2
"Netflix: The Christmas Chronicles
",2
": Season 1 Episode 8: Tape 4, Side B
",2
"13 Reasons Why: Season 4 Episode 3: Valentine's Day
",2
"50M2: Season 1: ""Episode 6""
",2
"House of Cards: Chapter 4
",2
"House of Cards: Chapter 17
",2
"House of Cards: Chapter 16
",2
"Netflix: Private Life
",2
"House of Cards: Chapter 21
",2
"The Crown: Season 2 Episode 8: Dear Mrs. Kennedy
",2
"House of Cards: Chapter 2
",2
"House of Cards: Chapter 24
",2
"GLOW: Season 2 Episode 8: The Good Twin
",2
"Netflix: Outlaw King
",2
"Netflix: Polar
",2
"Netflix: Love, Guaranteed
",2
"Netflix: Rajma Chawal
",2
"The Crown: Season 2 Episode 9: Paterfamilias
",2
"House of Cards: Chapter 55
",1
"Netflix: The Prom
",1
"House of Cards: Chapter 54
",1
"House of Cards: Chapter 8
",1
"House of Cards: Chapter 9
",1
"House of Cards: Season 5 Episode 12: Chapter 64
",1
"House of Cards: Chapter 47
",1
"Patriot Act with Hasan Minhaj: Season 2 Episode 2: Drug Pricing
",1
"GLOW: Season 2 Episode 5: Perverts Are People, Too
",1
"House of Cards: Chapter 51
",1
"The Two Popes
",1
"The Rational Life: Season 1: ""Episode 22""
",1
"House of Cards: Chapter 15
",1
"The Rational Life: Season 1: ""Episode 23""
",1
"GLOW: Season 2 Episode 1: Viking Funeral
",1
Night in Paradise,1
"6 Underground
",1
A Week Away,1
"Abla Fahita: Drama Queen: Season 1: ""Fangs without a Serpent""
",1
"Abla Fahita: Drama Queen: Season 1: ""Hexadactyly""
",1
"Abla Fahita: Drama Queen: Season 1: ""Gucci Double Semelle""
",1
"Abla Fahita: Drama Queen: Season 1: ""Farewell Bonaparte""
",1
"13 Reasons Why: Season 3 Episode 13: Let the Dead Bury the Dead
",1
Las del hockey,1
"Abla Fahita: Drama Queen: Season 1: ""The Nono Ripens""
",1
"House of Cards: Chapter 45
",1
"GLOW: Season 2 Episode 9: Rosalie
",1
"House of Cards: Chapter 18
",1
"House of Cards: Chapter 19
",1
"House of Cards: Chapter 25
",1
"House of Cards: Chapter 26
",1
"The Crown: Season 2 Episode 1: Misadventure
",1
"House of Cards: Chapter 27
",1
"House of Cards: Chapter 29
",1
"House of Cards: Chapter 30
",1
"House of Cards: Chapter 39
",1
Club de Cuervos,1
"House of Cards: Chapter 43
",1
"House of Cards: Chapter 44
",1
"Netflix: Mute
",1
"Netflix: Murder Mystery
",1
"Netflix: Mercury 13
",1
Serious Men,1
Cabras de Peste,1
"Netflix: Baby
",1
"Netflix: Ibiza
",1
"Netflix: Edha
",1
"Netflix: Lost in Space
",1
"Netflix: Let it Snow
",1
"Kingdom, 2019",1
"House of Cards: Season 5 Episode 13: Chapter 65
",1
"House of Cards: Season 5 Episode 6: Chapter 58
",1
"House of Cards: Season 5 Episode 9: Chapter 61
",1
"House of Cards: Season 6 Episode 3: Chapter 68
",1
I Care A Lot,1
"House of Cards: Season 5 Episode 5: Chapter 57
",1
Kingdom Season 1,1
La Casa De Papel,1
The Land of Steady Habits,1
Arlo the Alligator Boy,1
"The King: Eternal Monarch: Season 1 Episode 16: Episode 16
",1
"The King: Eternal Monarch: Season 1 Episode 5: Episode 5
",1
Why Did You Kill Me?,1
